                  epoch,         train/box_loss,         train/cls_loss,         train/dfl_loss,   metrics/precision(B),      metrics/recall(B),       metrics/mAP50(B),    metrics/mAP50-95(B),           val/box_loss,           val/cls_loss,           val/dfl_loss,                 lr/pg0,                 lr/pg1,                 lr/pg2
                      1,                  2.934,                 7.4992,                 2.3053,                0.25005,                0.04167,                 0.0001,                  7e-05,                 1.5811,                 15.489,                0.82886,                      0,                      0,                      0
                      2,                 3.2053,                 7.1501,                 2.2754,                0.20837,                0.04167,                 0.0001,                  7e-05,                 1.5928,                  15.38,                0.83059,             1.1841e-06,             1.1841e-06,             1.1841e-06
                      3,                 2.6131,                 6.3974,                 2.2882,                0.04169,                0.04167,                  9e-05,                  6e-05,                 1.6073,                 15.298,                0.83479,             2.3564e-06,             2.3564e-06,             2.3564e-06
                      4,                 2.8242,                 7.1584,                 2.1968,                  3e-05,                0.04167,                  8e-05,                  6e-05,                 1.6064,                 15.228,                0.83738,              3.517e-06,              3.517e-06,              3.517e-06
                      5,                  2.916,                 7.0121,                 2.1578,                  3e-05,                0.04167,                  8e-05,                  5e-05,                 1.6079,                 15.147,                0.83904,             4.6658e-06,             4.6658e-06,             4.6658e-06
                      6,                  2.826,                 6.9982,                 2.2309,                  3e-05,                0.04167,                  7e-05,                  5e-05,                 1.6203,                 15.081,                0.84448,             5.8027e-06,             5.8027e-06,             5.8027e-06
                      7,                 3.2685,                 7.1426,                  2.294,                  3e-05,                0.04167,                  7e-05,                  4e-05,                 1.6435,                 14.939,                0.85284,             6.9279e-06,             6.9279e-06,             6.9279e-06
                      8,                 3.0291,                 6.8414,                 2.2939,                  3e-05,                0.04167,                  7e-05,                  4e-05,                 1.6573,                 14.804,                0.85877,             8.0414e-06,             8.0414e-06,             8.0414e-06
                      9,                 2.9892,                 6.7684,                 2.0512,                  3e-05,                0.04167,                  6e-05,                  4e-05,                 1.6616,                  14.67,                0.86089,              9.143e-06,              9.143e-06,              9.143e-06
                     10,                 3.1363,                 7.0117,                 2.2782,                  4e-05,                0.04167,                  6e-05,                  4e-05,                 1.6697,                 14.565,                 0.8638,             1.0233e-05,             1.0233e-05,             1.0233e-05
                     11,                 2.6858,                 6.5341,                 2.1154,                  5e-05,                0.04167,                  9e-05,                  6e-05,                 1.6784,                 14.428,                 0.8664,             1.1311e-05,             1.1311e-05,             1.1311e-05
                     12,                 2.6125,                 6.4867,                 1.9208,                  6e-05,                0.04167,                0.00011,                  7e-05,                 1.6831,                 14.299,                0.87393,             1.2377e-05,             1.2377e-05,             1.2377e-05
                     13,                 2.3878,                 5.9893,                 1.8975,                  6e-05,                0.04167,                 0.0001,                  7e-05,                 1.6849,                 14.175,                 0.8768,             1.3432e-05,             1.3432e-05,             1.3432e-05
                     14,                 3.1177,                 6.7372,                 2.2951,                  7e-05,                0.04167,                0.00011,                  7e-05,                 1.6677,                 14.095,                0.87539,             1.4475e-05,             1.4475e-05,             1.4475e-05
                     15,                 2.6246,                 6.4911,                 1.9488,                  7e-05,                0.04167,                0.00011,                  7e-05,                 1.6631,                 13.983,                0.87151,             1.5505e-05,             1.5505e-05,             1.5505e-05
                     16,                 2.4103,                 6.2652,                 1.8217,                  7e-05,                0.04167,                0.00011,                  8e-05,                 1.6663,                 13.842,                0.86955,             1.6525e-05,             1.6525e-05,             1.6525e-05
                     17,                 2.7254,                 6.3797,                 2.0322,                  7e-05,                0.04167,                0.00011,                  8e-05,                 1.6707,                 13.703,                0.86897,             1.7532e-05,             1.7532e-05,             1.7532e-05
                     18,                 2.1959,                 6.0113,                 1.6874,                  4e-05,                0.04167,                  6e-05,                  4e-05,                 1.6707,                 13.703,                0.86897,             1.8528e-05,             1.8528e-05,             1.8528e-05
                     19,                 2.6295,                 6.2535,                 1.8128,                  7e-05,                0.04167,                0.00011,                  8e-05,                 1.6783,                 13.467,                0.87455,             1.9511e-05,             1.9511e-05,             1.9511e-05
                     20,                 2.6751,                 6.1365,                 1.8674,                  4e-05,                0.04167,                  6e-05,                  4e-05,                 1.6783,                 13.467,                0.87455,             2.0484e-05,             2.0484e-05,             2.0484e-05
                     21,                 2.5157,                  6.255,                  1.791,                0.01397,                0.05556,                0.00938,                0.00749,                 1.7042,                 13.232,                0.88104,             2.1444e-05,             2.1444e-05,             2.1444e-05
                     22,                 2.1311,                 6.0455,                 1.6986,                0.00699,                0.05556,                 0.0047,                0.00375,                 1.7042,                 13.232,                0.88104,             2.2392e-05,             2.2392e-05,             2.2392e-05
                     23,                 2.5987,                 6.1778,                 1.9354,                0.01397,                0.05556,                0.00938,                0.00749,                 1.7122,                 12.987,                0.88068,             2.3329e-05,             2.3329e-05,             2.3329e-05
                     24,                 2.4055,                 5.7701,                 1.8125,                0.00688,                0.06389,                0.00491,                0.00387,                 1.7122,                 12.987,                0.88068,             2.4254e-05,             2.4254e-05,             2.4254e-05
                     25,                 2.4515,                 6.0221,                 1.8459,                0.01051,                0.05556,                0.01056,                0.00843,                 1.6974,                 12.739,                0.87632,             2.5167e-05,             2.5167e-05,             2.5167e-05
                     26,                 2.6675,                  6.455,                  1.834,                0.00762,                0.08056,                 0.0072,                0.00561,                 1.6974,                 12.739,                0.87632,             2.6068e-05,             2.6068e-05,             2.6068e-05
                     27,                 2.5735,                 6.0728,                 1.9293,                0.01054,                0.05556,                 0.0106,                0.00846,                 1.6866,                 12.515,                0.87022,             2.6958e-05,             2.6958e-05,             2.6958e-05
                     28,                 2.2442,                 5.7761,                 1.7969,                0.00847,                 0.0625,                0.01075,                0.00859,                 1.6866,                 12.515,                0.87022,             2.7836e-05,             2.7836e-05,             2.7836e-05
                     29,                 2.1021,                 5.3412,                 1.7092,                0.05566,                0.06389,                0.04369,                0.02244,                 1.7089,                 12.229,                0.87484,             2.8702e-05,             2.8702e-05,             2.8702e-05
                     30,                 2.1571,                 5.6931,                 1.7827,                0.03069,                0.11944,                0.03356,                0.01984,                 1.7089,                 12.229,                0.87484,             2.9556e-05,             2.9556e-05,             2.9556e-05
                     31,                 2.2479,                 5.2842,                 1.7748,                0.05464,                0.07917,                0.04827,                0.02552,                 1.7172,                 11.923,                0.87579,             3.0399e-05,             3.0399e-05,             3.0399e-05
                     32,                 2.1324,                 4.9696,                 1.6889,                0.03735,                0.13472,                0.04956,                0.02729,                 1.7172,                 11.923,                0.87579,             3.1229e-05,             3.1229e-05,             3.1229e-05
                     33,                 2.4509,                  5.554,                 1.8571,                0.05213,                0.07917,                0.04778,                 0.0247,                 1.7217,                 11.636,                0.87076,             3.2048e-05,             3.2048e-05,             3.2048e-05
                     34,                 1.8636,                 4.9437,                 1.4224,                0.05006,                0.09306,                0.04935,                0.02534,                 1.7217,                 11.636,                0.87076,             3.2855e-05,             3.2855e-05,             3.2855e-05
                     35,                  2.153,                 4.9273,                 1.5709,                 0.0126,                0.07639,                0.02172,                0.01659,                 1.7042,                 11.305,                0.86268,             3.3651e-05,             3.3651e-05,             3.3651e-05
                     36,                 2.1616,                 5.0428,                  1.516,                0.05142,                0.09306,                0.04866,                0.02709,                 1.7042,                 11.305,                0.86268,             3.4434e-05,             3.4434e-05,             3.4434e-05
                     37,                 1.7056,                 4.3564,                 1.3247,                0.00905,                0.07639,                0.02255,                0.01697,                 1.6864,                  10.95,                0.86074,             3.5206e-05,             3.5206e-05,             3.5206e-05
                     38,                  2.204,                 4.9102,                 1.7589,                0.04864,                0.09306,                0.04902,                0.02726,                 1.6864,                  10.95,                0.86074,             3.5966e-05,             3.5966e-05,             3.5966e-05
                     39,                 2.5494,                 5.2516,                 1.7764,                0.19487,                0.02083,                0.02565,                0.01906,                 1.6663,                 10.663,                0.85617,             3.6714e-05,             3.6714e-05,             3.6714e-05
                     40,                  2.207,                 5.0568,                 1.5937,                0.03407,                0.05139,                 0.0456,                0.02599,                 1.6663,                 10.663,                0.85617,             3.7451e-05,             3.7451e-05,             3.7451e-05
                     41,                 2.2121,                 4.8506,                 1.6502,                0.28578,                0.02083,                0.02719,                0.01889,                 1.6414,                 10.366,                0.85133,             3.8175e-05,             3.8175e-05,             3.8175e-05
                     42,                 2.0976,                 4.7378,                 1.5431,                0.03542,                0.06528,                0.05054,                0.02965,                 1.6414,                 10.366,                0.85133,             3.8888e-05,             3.8888e-05,             3.8888e-05
                     43,                 2.0549,                 4.3834,                   1.63,                0.03244,                0.07361,                0.05515,                0.03316,                 1.6219,                 9.9692,                0.84663,             3.9589e-05,             3.9589e-05,             3.9589e-05
                     44,                 2.0762,                 4.5305,                 1.4039,                 0.0745,                   0.15,                0.09367,                 0.0462,                 1.6219,                 9.9692,                0.84663,             4.0278e-05,             4.0278e-05,             4.0278e-05
                     45,                 1.8926,                 4.5322,                 1.3837,                0.47654,                0.02083,                0.03053,                0.01925,                 1.6039,                 9.5824,                0.83728,             4.0956e-05,             4.0956e-05,             4.0956e-05
                     46,                 1.7906,                 4.2131,                 1.4041,                0.15586,                 0.0577,                0.05206,                 0.0315,                 1.6039,                 9.5824,                0.83728,             4.1622e-05,             4.1622e-05,             4.1622e-05
                     47,                 1.7307,                 3.6006,                 1.3696,                0.48126,                0.02083,                0.03376,                0.02056,                  1.587,                 9.2306,                0.83429,             4.2276e-05,             4.2276e-05,             4.2276e-05
                     48,                 2.0429,                  4.502,                 1.3592,                0.06453,                0.24722,                 0.1037,                0.05901,                  1.587,                 9.2306,                0.83429,             4.2918e-05,             4.2918e-05,             4.2918e-05
                     49,                 1.9394,                 3.9505,                 1.3255,                0.48847,                0.02495,                0.03644,                0.02498,                 1.5662,                  8.827,                0.83348,             4.3548e-05,             4.3548e-05,             4.3548e-05
                     50,                 1.6063,                 3.4744,                 1.2322,                0.34918,                0.05139,                0.06234,                0.03893,                 1.5662,                  8.827,                0.83348,             4.4167e-05,             4.4167e-05,             4.4167e-05
                     51,                 1.8529,                 4.2914,                 1.3345,                0.59572,                0.03472,                 0.0419,                0.02911,                 1.5427,                  8.393,                0.83091,             4.4774e-05,             4.4774e-05,             4.4774e-05
                     52,                 1.9618,                 4.1748,                 1.3713,                 0.3936,                0.05841,                0.07437,                0.04553,                 1.5427,                  8.393,                0.83091,             4.5369e-05,             4.5369e-05,             4.5369e-05
                     53,                 1.8227,                 3.8921,                 1.4003,                0.06979,                0.32153,                0.12565,                0.07329,                 1.5427,                  8.393,                0.83091,             4.5952e-05,             4.5952e-05,             4.5952e-05
                     54,                 1.8799,                 3.7337,                  1.362,                0.72575,                0.03472,                0.04917,                0.03482,                 1.5105,                 7.9609,                0.82674,             4.6524e-05,             4.6524e-05,             4.6524e-05
                     55,                 1.9353,                  3.923,                 1.3459,                0.28176,                0.12014,                0.08562,                0.05448,                 1.5105,                 7.9609,                0.82674,             4.7083e-05,             4.7083e-05,             4.7083e-05
                     56,                 1.8262,                 4.1997,                 1.2891,                0.23813,                0.24167,                0.13662,                 0.0807,                 1.5105,                 7.9609,                0.82674,             4.7631e-05,             4.7631e-05,             4.7631e-05
                     57,                 1.7393,                 3.6115,                 1.3848,                0.81988,                0.03472,                0.05301,                0.03716,                 1.4781,                 7.4815,                0.81845,             4.8167e-05,             4.8167e-05,             4.8167e-05
                     58,                 1.9383,                 3.6568,                 1.3161,                0.43275,                 0.2125,                0.15556,                0.09091,                 1.4781,                 7.4815,                0.81845,             4.8692e-05,             4.8692e-05,             4.8692e-05
                     59,                 1.5832,                 3.4752,                 1.2767,                0.47015,                0.29583,                 0.1745,                0.10803,                 1.4781,                 7.4815,                0.81845,             4.9204e-05,             4.9204e-05,             4.9204e-05
                     60,                 1.7456,                 3.3237,                 1.3219,                0.82593,                0.03472,                0.06943,                0.04991,                 1.4582,                 6.9929,                0.81021,             4.9705e-05,             4.9705e-05,             4.9705e-05
                     61,                 1.8123,                 3.5818,                 1.3086,                 0.5217,                0.10419,                0.12954,                0.08516,                 1.4582,                 6.9929,                0.81021,             5.0194e-05,             5.0194e-05,             5.0194e-05
                     62,                 1.6973,                  3.476,                 1.2723,                0.47669,                0.22158,                0.18648,                0.11431,                 1.4582,                 6.9929,                0.81021,             5.0671e-05,             5.0671e-05,             5.0671e-05
                     63,                 1.9868,                 3.9183,                 1.2919,                0.25466,                0.11681,                0.08615,                0.06061,                 1.4384,                   6.53,                0.80644,             5.1137e-05,             5.1137e-05,             5.1137e-05
                     64,                 1.6469,                 3.2995,                 1.3709,                0.07409,                0.28472,                0.17169,                0.11667,                 1.4384,                   6.53,                0.80644,             5.1591e-05,             5.1591e-05,             5.1591e-05
                     65,                 1.4708,                 3.0142,                  1.226,                0.52826,                0.23125,                0.23195,                0.15131,                 1.4384,                   6.53,                0.80644,             5.2033e-05,             5.2033e-05,             5.2033e-05
                     66,                  1.624,                 3.1931,                 1.2488,                0.42689,                0.11934,                 0.1339,                0.09274,                 1.4201,                 5.9514,                0.79972,             5.2463e-05,             5.2463e-05,             5.2463e-05
                     67,                 1.5433,                 3.0414,                 1.1964,                 0.4375,                0.34424,                0.30535,                0.20567,                 1.4201,                 5.9514,                0.79972,             5.2881e-05,             5.2881e-05,             5.2881e-05
                     68,                 1.6782,                 3.6377,                 1.2498,                0.46797,                0.39529,                0.31554,                0.21827,                 1.4201,                 5.9514,                0.79972,             5.3288e-05,             5.3288e-05,             5.3288e-05
                     69,                 1.6777,                 3.3863,                 1.2619,                0.54729,                0.12026,                 0.1237,                0.08462,                 1.4142,                 5.4399,                0.79303,             5.3682e-05,             5.3682e-05,             5.3682e-05
                     70,                 1.6038,                 3.0115,                 1.2868,                 0.4554,                0.25271,                0.25556,                0.17485,                 1.4142,                 5.4399,                0.79303,             5.4065e-05,             5.4065e-05,             5.4065e-05
                     71,                 1.5971,                 3.0764,                 1.1553,                0.51569,                0.33484,                 0.3769,                 0.2554,                 1.4142,                 5.4399,                0.79303,             5.4437e-05,             5.4437e-05,             5.4437e-05
                     72,                 1.6055,                 3.1288,                 1.2375,                0.73921,                0.09579,                0.13255,                0.09321,                 1.3922,                 5.0052,                 0.7811,             5.4796e-05,             5.4796e-05,             5.4796e-05
                     73,                 1.6866,                 2.9998,                 1.3273,                0.42673,                0.28752,                 0.2767,                0.19107,                 1.3922,                 5.0052,                 0.7811,             5.5144e-05,             5.5144e-05,             5.5144e-05
                     74,                 1.5594,                 2.8461,                 1.2204,                0.47527,                0.42195,                0.44295,                0.30349,                 1.3922,                 5.0052,                 0.7811,              5.548e-05,              5.548e-05,              5.548e-05
                     75,                 1.7086,                 3.2103,                 1.2102,                0.74896,                0.10906,                0.13724,                0.09381,                 1.3739,                 4.6179,                 0.7735,             5.5804e-05,             5.5804e-05,             5.5804e-05
                     76,                 1.6463,                 2.7593,                 1.2197,                0.45212,                0.30385,                0.29797,                0.19771,                 1.3739,                 4.6179,                 0.7735,             5.6116e-05,             5.6116e-05,             5.6116e-05
                     77,                 1.6768,                 2.9498,                 1.1928,                0.51476,                 0.4774,                0.47429,                0.31341,                 1.3739,                 4.6179,                 0.7735,             5.6416e-05,             5.6416e-05,             5.6416e-05
                     78,                 1.6018,                 2.7383,                 1.3812,                0.73823,                0.12725,                 0.1376,                 0.0957,                  1.347,                  4.304,                0.76562,             5.6705e-05,             5.6705e-05,             5.6705e-05
                     79,                 1.5141,                 2.6153,                 1.1991,                0.41573,                0.31093,                0.30104,                0.19624,                  1.347,                  4.304,                0.76562,             5.6982e-05,             5.6982e-05,             5.6982e-05
                     80,                 1.4724,                 2.7513,                 1.3015,                0.51791,                0.49235,                0.48449,                0.31393,                  1.347,                  4.304,                0.76562,             5.7247e-05,             5.7247e-05,             5.7247e-05
                     81,                 1.6266,                 2.8142,                 1.1684,                0.73982,                0.13384,                0.13769,                0.09723,                 1.3202,                 4.0159,                0.75957,             5.7501e-05,             5.7501e-05,             5.7501e-05
                     82,                 1.6368,                 2.7794,                 1.2336,                0.53521,                0.30202,                0.30317,                0.19732,                 1.3202,                 4.0159,                0.75957,             5.7742e-05,             5.7742e-05,             5.7742e-05
                     83,                 1.5102,                 2.3864,                 1.2329,                0.57017,                0.50435,                0.50535,                0.32704,                 1.3202,                 4.0159,                0.75957,             5.7972e-05,             5.7972e-05,             5.7972e-05
                     84,                 1.5631,                 2.6019,                 1.1768,                 0.7421,                0.14047,                0.13747,                 0.0982,                 1.3001,                 3.8419,                0.75484,              5.819e-05,              5.819e-05,              5.819e-05
                     85,                 1.4076,                 2.0926,                 1.1852,                0.56001,                0.29789,                0.31535,                0.20769,                 1.3001,                 3.8419,                0.75484,             5.8397e-05,             5.8397e-05,             5.8397e-05
                     86,                 1.3829,                  2.367,                 1.1575,                 0.5557,                0.51754,                0.52996,                 0.3471,                 1.3001,                 3.8419,                0.75484,             5.8591e-05,             5.8591e-05,             5.8591e-05
                     87,                 1.6572,                 2.6471,                 1.1812,                 0.5996,                0.55898,                0.61522,                0.42248,                 1.3001,                 3.8419,                0.75484,             5.8774e-05,             5.8774e-05,             5.8774e-05
                     88,                 1.6938,                 2.8807,                 1.1895,                0.88326,                0.13105,                0.13933,                0.10099,                 1.2828,                 3.6151,                0.75159,             5.8945e-05,             5.8945e-05,             5.8945e-05
                     89,                 1.4266,                 2.4638,                 1.1068,                0.62133,                0.49373,                0.50933,                0.34308,                 1.2828,                 3.6151,                0.75159,             5.9104e-05,             5.9104e-05,             5.9104e-05
                     90,                 1.4429,                 2.3569,                 1.3035,                0.60881,                0.58227,                0.64525,                0.44502,                 1.2828,                 3.6151,                0.75159,             5.9251e-05,             5.9251e-05,             5.9251e-05
                     91,                 1.4693,                 2.1809,                 1.1516,                0.60881,                0.58227,                0.64525,                0.44502,                 1.2828,                 3.6151,                0.75159,             5.9387e-05,             5.9387e-05,             5.9387e-05
                     92,                 1.4582,                  2.422,                  1.201,                0.92735,                 0.1283,                0.14037,                0.10314,                 1.2762,                 3.4082,                0.74938,             5.9511e-05,             5.9511e-05,             5.9511e-05
                     93,                 1.3163,                 2.4336,                 1.1285,                0.82956,                0.32458,                0.34241,                0.22395,                 1.2762,                 3.4082,                0.74938,             5.9623e-05,             5.9623e-05,             5.9623e-05
                     94,                 1.4291,                 2.2082,                 1.1963,                0.65234,                0.55219,                0.57489,                 0.3827,                 1.2762,                 3.4082,                0.74938,             5.9723e-05,             5.9723e-05,             5.9723e-05
                     95,                 1.6438,                 2.6167,                  1.141,                 0.6271,                0.59386,                0.65827,                0.45697,                 1.2762,                 3.4082,                0.74938,             5.9812e-05,             5.9812e-05,             5.9812e-05
                     96,                 1.6752,                 2.4869,                 1.2416,                0.92934,                0.13194,                0.14233,                0.10623,                 1.2736,                 3.2113,                0.74728,             5.9888e-05,             5.9888e-05,             5.9888e-05
                     97,                 1.4862,                 2.4084,                 1.1412,                0.86706,                0.32701,                0.34544,                0.22882,                 1.2736,                 3.2113,                0.74728,             5.9953e-05,             5.9953e-05,             5.9953e-05
                     98,                 1.4439,                 1.9412,                 1.1231,                0.67165,                0.56776,                0.59268,                 0.3974,                 1.2736,                 3.2113,                0.74728,             6.0006e-05,             6.0006e-05,             6.0006e-05
                     99,                 1.3924,                 2.4363,                 1.1754,                0.68847,                0.60943,                0.69351,                0.48572,                 1.2736,                 3.2113,                0.74728,             6.0048e-05,             6.0048e-05,             6.0048e-05
                    100,                 1.3954,                  2.099,                 1.1974,                0.92681,                0.13194,                0.14291,                0.10628,                 1.2665,                 3.0342,                0.74572,             6.0077e-05,             6.0077e-05,             6.0077e-05
                    101,                 1.5839,                 2.1327,                 1.1702,                0.87954,                0.32479,                0.35193,                0.23174,                 1.2665,                 3.0342,                0.74572,             6.0095e-05,             6.0095e-05,             6.0095e-05
                    102,                 1.5745,                 2.4584,                 1.1638,                0.75967,                0.56366,                0.59915,                0.39995,                 1.2665,                 3.0342,                0.74572,             5.9506e-05,             5.9506e-05,             5.9506e-05
                    103,                 1.1854,                 2.0105,                 1.1303,                0.77177,                0.60495,                0.69248,                 0.4842,                 1.2665,                 3.0342,                0.74572,             5.8917e-05,             5.8917e-05,             5.8917e-05
                    104,                 1.6301,                 2.3552,                 1.1643,                 0.9507,                0.12984,                0.15045,                0.10936,                  1.266,                 2.9045,                0.74483,             5.8328e-05,             5.8328e-05,             5.8328e-05
                    105,                 1.3384,                 1.6926,                 1.1767,                0.86347,                0.33028,                0.36253,                0.23848,                  1.266,                 2.9045,                0.74483,             5.7739e-05,             5.7739e-05,             5.7739e-05
                    106,                 1.2181,                 2.1917,                 1.0971,                 0.8378,                0.57567,                0.61039,                 0.4103,                  1.266,                 2.9045,                0.74483,              5.715e-05,              5.715e-05,              5.715e-05
                    107,                 1.3778,                 1.9303,                 1.1193,                0.80519,                0.61533,                0.71227,                0.49619,                  1.266,                 2.9045,                0.74483,             5.6561e-05,             5.6561e-05,             5.6561e-05
                    108,                 1.4053,                 1.9288,                 1.1908,                0.95066,                0.14211,                  0.162,                0.11546,                 1.2528,                  2.758,                0.74135,             5.5972e-05,             5.5972e-05,             5.5972e-05
                    109,                 1.3337,                 1.7051,                 1.1304,                 0.8625,                0.33493,                0.37354,                0.24421,                 1.2528,                  2.758,                0.74135,             5.5383e-05,             5.5383e-05,             5.5383e-05
                    110,                 1.2748,                 1.7775,                 1.0537,                0.83954,                0.58421,                0.61925,                0.41637,                 1.2528,                  2.758,                0.74135,             5.4794e-05,             5.4794e-05,             5.4794e-05
                    111,                 1.5814,                 1.9974,                 1.1106,                 0.8084,                0.61067,                0.71713,                0.50186,                 1.2528,                  2.758,                0.74135,             5.4204e-05,             5.4204e-05,             5.4204e-05
                    112,                  1.197,                 1.6673,                 1.1071,                0.99215,                0.14462,                0.17598,                0.12142,                 1.2369,                 2.6733,                0.73816,             5.3615e-05,             5.3615e-05,             5.3615e-05
                    113,                 1.4155,                 1.6307,                 1.2313,                0.90241,                0.33284,                0.38307,                0.24622,                 1.2369,                 2.6733,                0.73816,             5.3026e-05,             5.3026e-05,             5.3026e-05
                    114,                 1.4188,                 1.7585,                 1.0888,                0.83895,                0.58119,                 0.6269,                0.41683,                 1.2369,                 2.6733,                0.73816,             5.2437e-05,             5.2437e-05,             5.2437e-05
                    115,                 1.5986,                 2.0667,                 1.1247,                0.80507,                0.60267,                0.72517,                0.50282,                 1.2369,                 2.6733,                0.73816,             5.1848e-05,             5.1848e-05,             5.1848e-05
                    116,                 1.5857,                 2.1896,                 1.0763,                0.99074,                0.18592,                0.23238,                0.15939,                  1.221,                 2.5917,                0.73435,             5.1259e-05,             5.1259e-05,             5.1259e-05
                    117,                  1.337,                 1.8169,                 1.1095,                0.89795,                0.33498,                0.39166,                0.25419,                  1.221,                 2.5917,                0.73435,              5.067e-05,              5.067e-05,              5.067e-05
                    118,                 1.3791,                 2.0284,                 1.1214,                0.84235,                0.57983,                0.63393,                0.42235,                  1.221,                 2.5917,                0.73435,             5.0081e-05,             5.0081e-05,             5.0081e-05
                    119,                  1.293,                 2.0004,                 1.1637,                0.81601,                0.60207,                0.75446,                0.53183,                  1.221,                 2.5917,                0.73435,             4.9492e-05,             4.9492e-05,             4.9492e-05
                    120,                 1.3776,                  2.032,                 1.0822,                0.99726,                0.12462,                0.12437,                0.08758,                 1.2075,                 2.5115,                0.73144,             4.8903e-05,             4.8903e-05,             4.8903e-05
                    121,                 1.3504,                 1.8776,                 1.0939,                 0.9917,                0.18603,                0.23527,                0.15904,                 1.2075,                 2.5115,                0.73144,             4.8314e-05,             4.8314e-05,             4.8314e-05
                    122,                 1.1979,                  1.704,                  1.057,                0.85669,                0.50927,                0.57491,                0.39309,                 1.2075,                 2.5115,                0.73144,             4.7725e-05,             4.7725e-05,             4.7725e-05
                    123,                 1.2831,                 1.8302,                 1.1001,                0.82643,                0.60483,                0.76369,                 0.5407,                 1.2075,                 2.5115,                0.73144,             4.7136e-05,             4.7136e-05,             4.7136e-05
                    124,                 1.2297,                 1.7496,                 1.1069,                 0.9975,                0.12467,                0.12437,                0.08848,                 1.2006,                 2.4237,                0.72902,             4.6547e-05,             4.6547e-05,             4.6547e-05
                    125,                  1.378,                 1.5109,                 1.0785,                0.99285,                0.18554,                 0.2693,                0.18447,                 1.2006,                 2.4237,                0.72902,             4.5958e-05,             4.5958e-05,             4.5958e-05
                    126,                 1.2777,                 1.6654,                 1.1792,                 0.8571,                 0.5094,                0.58504,                0.40326,                 1.2006,                 2.4237,                0.72902,             4.5369e-05,             4.5369e-05,             4.5369e-05
                    127,                 1.3025,                 1.5741,                 1.0901,                0.84536,                0.57675,                0.65226,                0.44078,                 1.2006,                 2.4237,                0.72902,              4.478e-05,              4.478e-05,              4.478e-05
                    128,                 1.4447,                  1.874,                 1.1468,                0.99537,                0.14582,                0.21413,                0.15456,                 1.1874,                 2.3416,                0.72326,             4.4191e-05,             4.4191e-05,             4.4191e-05
                    129,                 1.2907,                 1.7072,                 1.0914,                0.99274,                0.18654,                0.28051,                0.19248,                 1.1874,                 2.3416,                0.72326,             4.3602e-05,             4.3602e-05,             4.3602e-05
                    130,                  1.437,                 1.7143,                 1.0996,                0.86923,                0.50884,                0.59893,                0.41806,                 1.1874,                 2.3416,                0.72326,             4.3013e-05,             4.3013e-05,             4.3013e-05
                    131,                 1.5127,                 1.7229,                 1.1216,                0.85245,                0.57813,                0.66973,                0.45703,                 1.1874,                 2.3416,                0.72326,             4.2423e-05,             4.2423e-05,             4.2423e-05
                    132,                 1.3713,                 1.7936,                  1.065,                0.99442,                0.14492,                0.21398,                 0.1462,                  1.171,                 2.2712,                0.71773,             4.1834e-05,             4.1834e-05,             4.1834e-05
                    133,                 1.3242,                 1.7673,                 1.0846,                0.99216,                0.18633,                0.28183,                 0.1873,                  1.171,                 2.2712,                0.71773,             4.1245e-05,             4.1245e-05,             4.1245e-05
                    134,                 1.4062,                 1.9499,                 1.1062,                0.89967,                0.50907,                0.60604,                0.42948,                  1.171,                 2.2712,                0.71773,             4.0656e-05,             4.0656e-05,             4.0656e-05
                    135,                  1.286,                 1.4966,                 1.0953,                0.88668,                0.57769,                0.67772,                0.46884,                  1.171,                 2.2712,                0.71773,             4.0067e-05,             4.0067e-05,             4.0067e-05
                    136,                 1.3537,                 1.4216,                 1.0719,                0.95492,                0.12371,                0.12437,                0.09111,                 1.1525,                 2.2239,                0.71251,             3.9478e-05,             3.9478e-05,             3.9478e-05
                    137,                 1.1748,                 1.4718,                 1.0745,                0.99187,                 0.1855,                0.28223,                0.19002,                 1.1525,                 2.2239,                0.71251,             3.8889e-05,             3.8889e-05,             3.8889e-05
                    138,                 1.0957,                 1.6429,                 1.0145,                0.89941,                0.50992,                0.62797,                0.44851,                 1.1525,                 2.2239,                0.71251,               3.83e-05,               3.83e-05,               3.83e-05
                    139,                 1.3049,                 1.7229,                 1.0747,                0.86854,                0.61982,                0.83228,                0.60676,                 1.1525,                 2.2239,                0.71251,             3.7711e-05,             3.7711e-05,             3.7711e-05
                    140,                 1.1554,                 1.3116,                 1.0624,                0.95503,                0.12252,                0.12437,                0.09215,                 1.1357,                 2.1517,                0.70813,             3.7122e-05,             3.7122e-05,             3.7122e-05
                    141,                 1.2217,                 1.6864,                  1.056,                0.99469,                0.14307,                0.21553,                0.14953,                 1.1357,                 2.1517,                0.70813,             3.6533e-05,             3.6533e-05,             3.6533e-05
                    142,                 1.4411,                 1.7684,                 1.0484,                 0.9694,                 0.3402,                 0.4443,                0.30388,                 1.1357,                 2.1517,                0.70813,             3.5944e-05,             3.5944e-05,             3.5944e-05
                    143,                 1.3487,                 1.3429,                 1.0845,                0.89386,                0.58248,                0.70564,                0.49775,                 1.1357,                 2.1517,                0.70813,             3.5355e-05,             3.5355e-05,             3.5355e-05
                    144,                 1.3112,                 1.4456,                 1.0564,                0.99469,                 0.1422,                 0.2177,                0.15247,                 1.1251,                 2.1128,                0.70484,             3.4766e-05,             3.4766e-05,             3.4766e-05
                    145,                 1.3666,                 1.4925,                  1.034,                0.97445,                0.33994,                0.44416,                0.31063,                 1.1251,                 2.1128,                0.70484,             3.4177e-05,             3.4177e-05,             3.4177e-05
                    146,                 1.1937,                 1.5239,                 1.0801,                0.90949,                0.51192,                0.62728,                0.45922,                 1.1251,                 2.1128,                0.70484,             3.3588e-05,             3.3588e-05,             3.3588e-05
                    147,                 1.2719,                 1.5022,                 1.0254,                0.90092,                0.58255,                0.70246,                0.50488,                 1.1251,                 2.1128,                0.70484,             3.2999e-05,             3.2999e-05,             3.2999e-05
                    148,                 1.2608,                 1.2906,                 1.0611,                0.95487,                 0.1219,                0.12437,                0.09614,                 1.1105,                 2.0491,                0.70193,              3.241e-05,              3.241e-05,              3.241e-05
                    149,                 1.3095,                 1.3007,                 1.0794,                0.99414,                0.14252,                0.21764,                0.15503,                 1.1105,                 2.0491,                0.70193,             3.1821e-05,             3.1821e-05,             3.1821e-05
                    150,                 1.2797,                 1.3591,                 1.0517,                0.99252,                0.18411,                0.28032,                0.19996,                 1.1105,                 2.0491,                0.70193,             3.1232e-05,             3.1232e-05,             3.1232e-05
                    151,                 1.2403,                 1.3395,                 1.0358,                 0.9809,                0.33941,                0.44499,                 0.3134,                 1.1105,                 2.0491,                0.70193,             3.0643e-05,             3.0643e-05,             3.0643e-05
                    152,                 1.2271,                 1.3266,                 1.0631,                0.99379,                0.14242,                0.21753,                0.15673,                 1.0998,                 1.9995,                0.69881,             3.0053e-05,             3.0053e-05,             3.0053e-05
                    153,                 1.2772,                 1.6053,                 1.0817,                0.98375,                0.33835,                0.44465,                0.31407,                 1.0998,                 1.9995,                0.69881,             2.9464e-05,             2.9464e-05,             2.9464e-05
                    154,                 1.2282,                 1.3408,                 1.0527,                0.92576,                0.59092,                0.71648,                0.51781,                 1.0998,                 1.9995,                0.69881,             2.8875e-05,             2.8875e-05,             2.8875e-05
                    155,                 1.2291,                  1.372,                 1.0854,                0.91861,                0.63259,                0.85124,                0.63549,                 1.0998,                 1.9995,                0.69881,             2.8286e-05,             2.8286e-05,             2.8286e-05
                    156,                 1.2493,                 1.3116,                 1.0705,                0.99344,                0.14217,                0.21925,                0.15802,                 1.0938,                 1.9593,                0.69688,             2.7697e-05,             2.7697e-05,             2.7697e-05
                    157,                 1.2799,                 1.4766,                  1.102,                0.98417,                0.33826,                0.44911,                0.31685,                 1.0938,                 1.9593,                0.69688,             2.7108e-05,             2.7108e-05,             2.7108e-05
                    158,                 1.4277,                  1.579,                 1.0376,                 0.9326,                0.59116,                0.71954,                0.52377,                 1.0938,                 1.9593,                0.69688,             2.6519e-05,             2.6519e-05,             2.6519e-05
                    159,                 1.1902,                 1.2355,                 1.0863,                0.92522,                0.63283,                0.85315,                0.64509,                 1.0938,                 1.9593,                0.69688,              2.593e-05,              2.593e-05,              2.593e-05
                    160,                 1.1312,                 1.1738,                 1.0099,                0.72371,                0.22222,                0.21917,                0.15765,                 1.0857,                 1.9284,                0.69385,             2.5341e-05,             2.5341e-05,             2.5341e-05
                    161,                 1.3394,                 1.4308,                 1.0287,                0.98418,                0.33802,                0.45068,                0.31765,                 1.0857,                 1.9284,                0.69385,             2.4752e-05,             2.4752e-05,             2.4752e-05
                    162,                 1.1257,                 1.4073,                 1.0281,                0.94173,                0.51852,                0.64528,                0.47433,                 1.0857,                 1.9284,                0.69385,             2.4163e-05,             2.4163e-05,             2.4163e-05
                    163,                 1.2458,                 1.4648,                 1.0719,                0.92955,                0.63107,                0.85482,                0.64302,                 1.0857,                 1.9284,                0.69385,             2.3574e-05,             2.3574e-05,             2.3574e-05
                    164,                 1.2413,                 1.4751,                 1.0559,                0.95531,                0.12043,                0.12437,                 0.0972,                 1.0786,                 1.8981,                0.69231,             2.2985e-05,             2.2985e-05,             2.2985e-05
                    165,                 1.1964,                 1.1931,                 1.0497,                0.67268,                0.22222,                0.21914,                0.15763,                 1.0786,                 1.8981,                0.69231,             2.2396e-05,             2.2396e-05,             2.2396e-05
                    166,                 1.3254,                 1.4335,                 1.1365,                0.66228,                0.29167,                0.28596,                 0.2028,                 1.0786,                 1.8981,                0.69231,             2.1807e-05,             2.1807e-05,             2.1807e-05
                    167,                  1.231,                 1.3547,                0.99154,                0.58285,                0.39815,                0.45066,                0.31801,                 1.0786,                 1.8981,                0.69231,             2.1218e-05,             2.1218e-05,             2.1218e-05
                    168,                 1.4372,                 1.5474,                 1.0261,                0.66335,                0.22222,                0.21914,                0.15735,                 1.0719,                 1.8771,                0.69117,             2.0629e-05,             2.0629e-05,             2.0629e-05
                    169,                 1.1376,                 1.5429,                  1.014,                0.63172,                0.39815,                0.45358,                0.32139,                 1.0719,                 1.8771,                0.69117,              2.004e-05,              2.004e-05,              2.004e-05
                    170,                 1.2011,                  1.304,                 1.0246,                0.93877,                0.58704,                 0.7247,                0.52518,                 1.0719,                 1.8771,                0.69117,             1.9451e-05,             1.9451e-05,             1.9451e-05
                    171,                 1.2927,                 1.5484,                 1.0075,                0.93173,                0.62871,                0.86006,                0.64898,                 1.0719,                 1.8771,                0.69117,             1.8862e-05,             1.8862e-05,             1.8862e-05
                    172,                 1.0728,                 1.3821,                 1.0074,                0.95292,                0.12336,                0.12437,                0.09782,                 1.0655,                 1.8334,                0.69025,             1.8272e-05,             1.8272e-05,             1.8272e-05
                    173,                 1.3069,                 1.7299,                 1.0305,                0.61537,                 0.4556,                 0.4536,                  0.323,                 1.0655,                 1.8334,                0.69025,             1.7683e-05,             1.7683e-05,             1.7683e-05
                    174,                 1.3204,                 1.4722,                  1.051,                0.93067,                0.51896,                0.65239,                0.48184,                 1.0655,                 1.8334,                0.69025,             1.7094e-05,             1.7094e-05,             1.7094e-05
                    175,                 1.2921,                 1.5003,                0.99961,                0.91877,                0.63003,                0.86478,                0.65354,                 1.0655,                 1.8334,                0.69025,             1.6505e-05,             1.6505e-05,             1.6505e-05
                    176,                 1.0848,                  1.348,                   1.03,                0.95335,                0.12343,                0.12437,                 0.0956,                 1.0631,                 1.8067,                 0.6891,             1.5916e-05,             1.5916e-05,             1.5916e-05
                    177,                 1.3244,                 1.5509,                 1.0831,                0.65638,                0.45573,                0.45339,                0.31998,                 1.0631,                 1.8067,                 0.6891,             1.5327e-05,             1.5327e-05,             1.5327e-05
                    178,                 1.2502,                 1.3214,                 1.1676,                0.92905,                0.58843,                0.72906,                0.52573,                 1.0631,                 1.8067,                 0.6891,             1.4738e-05,             1.4738e-05,             1.4738e-05
                    179,                 1.0179,                 1.2593,                 1.0283,                0.92223,                 0.6301,                0.86498,                0.64985,                 1.0631,                 1.8067,                 0.6891,             1.4149e-05,             1.4149e-05,             1.4149e-05
                    180,                 1.2154,                 1.2801,                0.99629,                0.67742,                0.22222,                0.21912,                  0.155,                 1.0571,                 1.7873,                0.68744,              1.356e-05,              1.356e-05,              1.356e-05
                    181,                 1.3239,                 1.3518,                 1.0484,                0.70004,                0.45101,                0.45296,                0.31974,                 1.0571,                 1.7873,                0.68744,             1.2971e-05,             1.2971e-05,             1.2971e-05
                    182,                 1.3115,                 1.3971,                 1.1222,                0.88378,                0.62633,                0.72861,                0.52575,                 1.0571,                 1.7873,                0.68744,             1.2382e-05,             1.2382e-05,             1.2382e-05
                    183,                 1.3935,                 1.5786,                 1.0572,                0.67847,                0.81987,                0.86663,                0.65175,                 1.0571,                 1.7873,                0.68744,             1.1793e-05,             1.1793e-05,             1.1793e-05
                    184,                 1.1745,                 1.3773,                 1.0976,                0.76831,                0.22222,                0.21902,                0.15563,                 1.0565,                 1.7779,                0.68634,             1.1204e-05,             1.1204e-05,             1.1204e-05
                    185,                 1.2493,                 1.3521,                 1.0755,                0.74456,                0.29021,                0.28878,                0.20353,                 1.0565,                 1.7779,                0.68634,             1.0615e-05,             1.0615e-05,             1.0615e-05
                    186,                 1.0546,                 1.1715,                 1.0538,                0.65332,                0.45154,                0.45251,                0.32021,                 1.0565,                 1.7779,                0.68634,             1.0026e-05,             1.0026e-05,             1.0026e-05
                    187,                 1.1686,                 1.3935,                 1.0381,                0.88988,                0.62539,                0.72827,                0.52933,                 1.0565,                 1.7779,                0.68634,             9.4367e-06,             9.4367e-06,             9.4367e-06
                    188,                 1.2888,                 1.3295,                 1.0434,                0.68626,                0.23023,                0.22345,                0.15654,                 1.0514,                 1.7614,                0.68462,             8.8476e-06,             8.8476e-06,             8.8476e-06
                    189,                 1.1188,                 1.2601,                 1.0389,                0.69559,                 0.4538,                0.45558,                0.32149,                 1.0514,                 1.7614,                0.68462,             8.2586e-06,             8.2586e-06,             8.2586e-06
                    190,                 1.2924,                 1.5178,                 1.0477,                0.72136,                0.65911,                0.65462,                0.48218,                 1.0514,                 1.7614,                0.68462,             7.6696e-06,             7.6696e-06,             7.6696e-06
                    191,                 1.3182,                 1.6497,                  1.083,                0.90278,                0.61479,                0.73156,                 0.5313,                 1.0514,                 1.7614,                0.68462,             7.0805e-06,             7.0805e-06,             7.0805e-06
                    192,                 1.2296,                 1.4227,                  1.098,                0.95502,                  0.125,                0.12437,                0.09564,                 1.0476,                 1.7736,                 0.6832,             6.4915e-06,             6.4915e-06,             6.4915e-06
                    193,                 1.0988,                 1.3702,                 1.0427,                0.68621,                0.23021,                0.22345,                0.15778,                 1.0476,                 1.7736,                 0.6832,             5.9024e-06,             5.9024e-06,             5.9024e-06
                    194,                 1.1534,                 1.3423,                  1.084,                0.78742,                0.28704,                0.28749,                0.20399,                 1.0476,                 1.7736,                 0.6832,             5.3134e-06,             5.3134e-06,             5.3134e-06
                    195,                 1.1506,                 1.3798,                 1.0241,                0.92705,                0.53609,                0.66058,                0.48799,                 1.0476,                 1.7736,                 0.6832,             4.7243e-06,             4.7243e-06,             4.7243e-06
                    196,                 1.1355,                 1.2349,                  1.096,                0.95404,                  0.125,                0.12437,                0.09419,                 1.0431,                 1.7982,                0.68146,             4.1353e-06,             4.1353e-06,             4.1353e-06
                    197,                 1.0573,                 1.2498,                 1.0388,                0.65143,                0.28704,                 0.2851,                0.20154,                 1.0431,                 1.7982,                0.68146,             3.5462e-06,             3.5462e-06,             3.5462e-06
                    198,                  1.115,                 1.2346,                 1.0729,                0.58909,                 0.4537,                0.44885,                0.31969,                 1.0431,                 1.7982,                0.68146,             2.9572e-06,             2.9572e-06,             2.9572e-06
                    199,                 1.1067,                 1.2816,                 1.0308,                0.87265,                0.57581,                0.65826,                0.48189,                 1.0431,                 1.7982,                0.68146,             2.3681e-06,             2.3681e-06,             2.3681e-06
                    200,                 1.1909,                 1.1114,                 1.1611,                0.99452,                  0.125,                0.12437,                0.09549,                 1.0421,                 1.8117,                0.68105,             1.7791e-06,             1.7791e-06,             1.7791e-06
